{"stat.useItem.minecraft.brick_stairs":1,"stat.useItem.minecraft.string":6,"stat.chestOpened":4,"stat.useItem.minecraft.iron_bars":18,"stat.walkOneCm":226230,"stat.useItem.minecraft.torch":6,"stat.useItem.minecraft.quartz_block":74,"stat.useItem.minecraft.painting":30,"stat.useItem.minecraft.chest":4,"stat.useItem.minecraft.lever":3,"stat.pickup.minecraft.sign":2,"stat.pickup.minecraft.stone_pressure_plate":1,"stat.useItem.minecraft.stone":3,"stat.useItem.minecraft.pumpkin":1,"stat.useItem.minecraft.quartz_stairs":9,"stat.leaveGame":2,"stat.useItem.minecraft.log":69,"stat.useItem.minecraft.oak_stairs":8,"stat.useItem.minecraft.bookshelf":11,"stat.pickup.minecraft.trapdoor":1,"stat.useItem.minecraft.skull":9,"stat.useItem.minecraft.dark_oak_stairs":4,"stat.useItem.minecraft.armor_stand":3,"stat.useItem.minecraft.heavy_weighted_pressure_plate":6,"stat.useItem.minecraft.glowstone":5,"stat.drop.minecraft.trapdoor":1,"stat.jump":192,"stat.useItem.minecraft.iron_trapdoor":47,"stat.swimOneCm":1455,"stat.climbOneCm":686,"stat.useItem.minecraft.planks":60,"stat.useItem.minecraft.redstone":11,"stat.useItem.minecraft.piston":4,"stat.useItem.minecraft.spruce_stairs":76,"stat.shulkerBoxOpened":2,"stat.drop.minecraft.wooden_door":1,"stat.crouchOneCm":3742,"stat.useItem.minecraft.coal_block":36,"stat.useItem.minecraft.nether_brick_fence":6,"stat.useItem.minecraft.trapdoor":75,"stat.sprintOneCm":8988,"stat.pickup.minecraft.wooden_door":1,"stat.useItem.minecraft.fence":7,"stat.drop.minecraft.stone_pressure_plate":1,"stat.useItem.minecraft.water_bucket":4,"stat.useItem.minecraft.dark_oak_door":5,"stat.useItem.minecraft.stone_slab":8,"stat.useItem.minecraft.cauldron":3,"stat.useItem.minecraft.vine":17,"stat.useItem.minecraft.iron_block":6,"stat.useItem.minecraft.red_shulker_box":2,"stat.useItem.minecraft.dark_oak_fence":17,"stat.useItem.minecraft.stone_pressure_plate":3,"stat.useItem.minecraft.stone_brick_stairs":3,"stat.useItem.minecraft.wooden_pressure_plate":2,"stat.useItem.minecraft.stonebrick":79,"stat.pickup.minecraft.leather_leggings":1,"stat.useItem.minecraft.wooden_door":12,"stat.useItem.minecraft.brick_block":2,"stat.flyOneCm":60569,"stat.useItem.minecraft.mossy_cobblestone":2,"stat.useItem.minecraft.spruce_door":1,"stat.useItem.minecraft.cobblestone_wall":6,"stat.useItem.minecraft.birch_fence":104,"stat.drop":4,"stat.drop.minecraft.leather_leggings":1,"stat.playOneMinute":70634,"stat.pickup.minecraft.stone_button":1,"stat.sneakTime":1282,"stat.useItem.minecraft.wool":23,"stat.timeSinceDeath":70634,"stat.useItem.minecraft.birch_stairs":153,"stat.useItem.minecraft.sign":13,"stat.cauldronFilled":3,"stat.useItem.minecraft.wooden_slab":47,"stat.useItem.minecraft.web":34}